﻿<?xml version="1.0" encoding="utf-8"?>
<deployment>
  <id>2f32aff3-6ef9-429d-80a1-7e1bd7001636</id>
  <author>N/A</author>
  <deployer>GITHUB_ZIP_DEPLOY</deployer>
  <authorEmail>N/A</authorEmail>
  <message>{"type":"deployment","sha":"76c6f705421eaeef79545612fb9213513ec64d61","repoName":"CSA-DanielVillamizar/PAGINA-WEB","actor":"CSA-DanielVillamizar","slotName":"production","commitMessage":"trigger: force deploy to Azure to enable migration endpoint"}</message>
  <progress></progress>
  <status>Success</status>
  <statusText></statusText>
  <lastSuccessEndTime>2025-11-20T19:09:55.0663803Z</lastSuccessEndTime>
  <receivedTime>2025-11-20T19:08:54.871753Z</receivedTime>
  <startTime>2025-11-20T19:08:56.271921Z</startTime>
  <endTime>2025-11-20T19:09:55.0663803Z</endTime>
  <complete>True</complete>
  <is_temp>False</is_temp>
  <is_readonly>True</is_readonly>
  <buildSummary />
</deployment>