﻿<?xml version="1.0" encoding="utf-8"?>
<deployment>
  <id>ad748521-1143-4043-8aca-8ea927faae1e</id>
  <author>N/A</author>
  <deployer>GITHUB_ZIP_DEPLOY</deployer>
  <authorEmail>N/A</authorEmail>
  <message>{"type":"deployment","sha":"4428f5cb3190a107a79009467c89386ed8c58185","repoName":"CSA-DanielVillamizar/PAGINA-WEB","actor":"CSA-DanielVillamizar","slotName":"production","commitMessage":"feat: Deploy dev infrastructure and configure GitHub Actions\n\n- Created complete dev environment in lama-dev-rg (Central US)\n- Configured Web App (lama-backend-dev) with Node 24 LTS\n- PostgreSQL Flexible Server v16 with lama_db database\n- Key Vault with RBAC and managed identity integration\n- Updated GitHub Actions workflow for automated deployment\n- Added migration runner and infrastructure documentation\n- All app settings configured with Key Vault references"}</message>
  <progress></progress>
  <status>Success</status>
  <statusText></statusText>
  <lastSuccessEndTime>2025-11-20T05:38:56.7043583Z</lastSuccessEndTime>
  <receivedTime>2025-11-20T05:37:57.4021061Z</receivedTime>
  <startTime>2025-11-20T05:37:58.8554355Z</startTime>
  <endTime>2025-11-20T05:38:56.7043583Z</endTime>
  <complete>True</complete>
  <is_temp>False</is_temp>
  <is_readonly>True</is_readonly>
  <buildSummary />
</deployment>