﻿<?xml version="1.0" encoding="utf-8"?>
<deployment>
  <id>ff13c108-a654-409c-b47a-931988491015</id>
  <author>N/A</author>
  <deployer>GITHUB_ZIP_DEPLOY</deployer>
  <authorEmail>N/A</authorEmail>
  <message>{"type":"deployment","sha":"7a5aa49d171e73dd4d36bead3fc723f2a1e1ba1d","repoName":"CSA-DanielVillamizar/PAGINA-WEB","actor":"CSA-DanielVillamizar","slotName":"production","commitMessage":"fix(db): normalizar usuario PostgreSQL Flexible Server; logs de diagnstico KV; script test-db-connection"}</message>
  <progress></progress>
  <status>Success</status>
  <statusText></statusText>
  <lastSuccessEndTime>2025-11-20T17:34:02.2115694Z</lastSuccessEndTime>
  <receivedTime>2025-11-20T17:33:08.7415502Z</receivedTime>
  <startTime>2025-11-20T17:33:10.1693196Z</startTime>
  <endTime>2025-11-20T17:34:02.2115694Z</endTime>
  <complete>True</complete>
  <is_temp>False</is_temp>
  <is_readonly>True</is_readonly>
  <buildSummary />
</deployment>