﻿<?xml version="1.0" encoding="utf-8"?>
<deployment>
  <id>f2e8af2f-11c3-461c-9066-533e7a0d330c</id>
  <author>N/A</author>
  <deployer>GITHUB_ZIP_DEPLOY</deployer>
  <authorEmail>N/A</authorEmail>
  <message>{"type":"deployment","sha":"3a156ba35fc39abdf2b8866bc5f2d9d0bc8f2ba7","repoName":"CSA-DanielVillamizar/PAGINA-WEB","actor":"CSA-DanielVillamizar","slotName":"production","commitMessage":"feat: add initial database migration with all core tables"}</message>
  <progress></progress>
  <status>Success</status>
  <statusText></statusText>
  <lastSuccessEndTime>2025-11-20T17:49:54.6979368Z</lastSuccessEndTime>
  <receivedTime>2025-11-20T17:48:58.3575622Z</receivedTime>
  <startTime>2025-11-20T17:48:59.7286899Z</startTime>
  <endTime>2025-11-20T17:49:54.6979368Z</endTime>
  <complete>True</complete>
  <is_temp>False</is_temp>
  <is_readonly>True</is_readonly>
  <buildSummary />
</deployment>