﻿<?xml version="1.0" encoding="utf-8"?>
<deployment>
  <id>382305e8-e436-4f60-9d63-f3060989924b</id>
  <author>N/A</author>
  <deployer>GITHUB_ZIP_DEPLOY</deployer>
  <authorEmail>N/A</authorEmail>
  <message>{"type":"deployment","sha":"0e2f88ae0fa03768cdd8be0063351f28fb5b0f9b","repoName":"CSA-DanielVillamizar/PAGINA-WEB","actor":"CSA-DanielVillamizar","slotName":"production","commitMessage":"feat: add migration HTTP endpoint for remote execution"}</message>
  <progress></progress>
  <status>Success</status>
  <statusText></statusText>
  <lastSuccessEndTime>2025-11-20T18:28:59.4089709Z</lastSuccessEndTime>
  <receivedTime>2025-11-20T18:28:10.5891572Z</receivedTime>
  <startTime>2025-11-20T18:28:12.0362007Z</startTime>
  <endTime>2025-11-20T18:28:59.4089709Z</endTime>
  <complete>True</complete>
  <is_temp>False</is_temp>
  <is_readonly>True</is_readonly>
  <buildSummary />
</deployment>