<step title="BackgroundTrace" date="2025-11-20T17:48:12.307" instance="ead10c" url="/api/zipdeploy" method="POST" >
  <step title="Cleanup Xml Logs" date="2025-11-20T17:48:12.313" /><!-- duration: 9ms -->
  <step title="Creating temporary deployment - FetchDeploymentManager" date="2025-11-20T17:48:12.392" /><!-- duration: 11ms -->
  <step title="Creating temporary deployment" date="2025-11-20T17:48:12.413" /><!-- duration: 246ms -->
  <step title="Performing fetch based deployment" date="2025-11-20T17:48:12.806" >
    <step title="Cleaning up temp folders from previous zip deployments and extracting pushed zip file /tmp/zipdeploy/da87d558-c228-45ab-b2dc-83b0bd2baf6b.zip (62.35 MB) to /tmp/zipdeploy/extracted" date="2025-11-20T17:48:14.176" >
      <step title="ChmodRecursive Process exited with total time taken in ms: 369" date="2025-11-20T17:48:56.204" /><!-- duration: 9ms -->
    </step><!-- duration: 42048ms -->
    <step title="Deployment timer started" date="2025-11-20T17:48:58.240" >
      <step title="DeploymentManager.Deploy(id:f2e8af2f-11c3-461c-9066-533e7a0d330c)" date="2025-11-20T17:48:58.249" >
        <step title="Collecting changeset information" date="2025-11-20T17:48:58.310" /><!-- duration: 123ms -->
        <step title="Updating submodules" date="2025-11-20T17:48:58.440" /><!-- duration: 1131ms -->
        <step title="Determining deployment builder" date="2025-11-20T17:48:59.799" >
          <step title="Builder is BasicBuilder" date="2025-11-20T17:48:59.810" /><!-- duration: 4ms -->
        </step><!-- duration: 25ms -->
        <step title="PreDeployment: context.CleanOutputPath False" date="2025-11-20T17:48:59.897" >
          <step title="PreDeployment: context.OutputPath /home/site/wwwroot" date="2025-11-20T17:49:00.069" >
            <step title="Building" date="2025-11-20T17:49:00.221" >
              <step title="Executing external process" date="2025-11-20T17:49:00.888" type="process" path="starter.sh" arguments="/opt/Kudu/Scripts/absoluteTar.sh /tmp/zipdeploy/extracted/node_modules /tmp/zipdeploy/extracted/node_modules.tar.gz" /><!-- duration: 42774ms -->
              <step title="Executing external process" date="2025-11-20T17:49:44.273" type="process" path="starter.sh" arguments="/opt/Kudu/Scripts/parallel_rsync.sh /tmp/zipdeploy/extracted /home/site/wwwroot 8 /tmp/ False True node_modules " /><!-- duration: 9181ms -->
              <step title="Triggering recycle (preview mode disabled)." date="2025-11-20T17:49:54.229" /><!-- duration: 8ms -->
              <step title="Modified file to trigger a restart of the app container." date="2025-11-20T17:49:54.272" /><!-- duration: 4ms -->
              <step title="Skip function trigger and logicapp sync because function is not enabled." date="2025-11-20T17:49:54.281" /><!-- duration: 12ms -->
            </step><!-- duration: 54982ms -->
          </step><!-- duration: 55140ms -->
          <step title="Cleaning up temp files" date="2025-11-20T17:49:55.213" /><!-- duration: 6ms -->
          <step title="Cleaning up temp files" date="2025-11-20T17:49:55.232" /><!-- duration: 509ms -->
          <step title="Reloading status file with latest updates" date="2025-11-20T17:49:55.797" >
            <step title="WebHooksManager.PublishEventAsync: PostDeployment" date="2025-11-20T17:49:55.802" /><!-- duration: 46ms -->
          </step><!-- duration: 54ms -->
          <step title="Cleaning up temporary deployment - fetch deployment was successful" date="2025-11-20T17:49:55.860" /><!-- duration: 4ms -->
        </step><!-- duration: 56042ms -->
      </step><!-- duration: 57714ms -->
