<step title="BackgroundTrace" date="2025-11-20T05:36:49.910" instance="ead10c" url="/api/zipdeploy" method="POST" >
  <step title="Cleanup Xml Logs" date="2025-11-20T05:36:49.915" /><!-- duration: 7ms -->
  <step title="Creating temporary deployment - FetchDeploymentManager" date="2025-11-20T05:36:50.049" /><!-- duration: 4ms -->
  <step title="Creating temporary deployment" date="2025-11-20T05:36:50.058" /><!-- duration: 147ms -->
  <step title="Performing fetch based deployment" date="2025-11-20T05:36:50.279" >
    <step title="Cleaning up temp folders from previous zip deployments and extracting pushed zip file /tmp/zipdeploy/b3648fd9-6b91-4de7-98f0-1b28658ca255.zip (62.33 MB) to /tmp/zipdeploy/extracted" date="2025-11-20T05:36:51.521" >
      <step title="ChmodRecursive Process exited with total time taken in ms: 456" date="2025-11-20T05:37:55.207" /><!-- duration: 20ms -->
    </step><!-- duration: 63719ms -->
    <step title="Deployment timer started" date="2025-11-20T05:37:57.324" >
      <step title="DeploymentManager.Deploy(id:ad748521-1143-4043-8aca-8ea927faae1e)" date="2025-11-20T05:37:57.334" >
        <step title="Collecting changeset information" date="2025-11-20T05:37:57.374" /><!-- duration: 136ms -->
        <step title="Updating submodules" date="2025-11-20T05:37:57.523" /><!-- duration: 1156ms -->
        <step title="Determining deployment builder" date="2025-11-20T05:37:58.920" >
          <step title="Builder is BasicBuilder" date="2025-11-20T05:37:58.937" /><!-- duration: 4ms -->
        </step><!-- duration: 26ms -->
        <step title="PreDeployment: context.CleanOutputPath False" date="2025-11-20T05:37:59.013" >
          <step title="PreDeployment: context.OutputPath /home/site/wwwroot" date="2025-11-20T05:37:59.170" >
            <step title="Building" date="2025-11-20T05:37:59.394" >
              <step title="Executing external process" date="2025-11-20T05:38:00.071" type="process" path="starter.sh" arguments="/opt/Kudu/Scripts/absoluteTar.sh /tmp/zipdeploy/extracted/node_modules /tmp/zipdeploy/extracted/node_modules.tar.gz" /><!-- duration: 46627ms -->
              <step title="Executing external process" date="2025-11-20T05:38:47.215" type="process" path="starter.sh" arguments="/opt/Kudu/Scripts/parallel_rsync.sh /tmp/zipdeploy/extracted /home/site/wwwroot 8 /tmp/ False True node_modules " /><!-- duration: 8304ms -->
              <step title="Triggering recycle (preview mode disabled)." date="2025-11-20T05:38:56.255" /><!-- duration: 12ms -->
              <step title="Modified file to trigger a restart of the app container." date="2025-11-20T05:38:56.313" /><!-- duration: 4ms -->
              <step title="Skip function trigger and logicapp sync because function is not enabled." date="2025-11-20T05:38:56.328" /><!-- duration: 4ms -->
            </step><!-- duration: 57665ms -->
          </step><!-- duration: 57895ms -->
          <step title="Cleaning up temp files" date="2025-11-20T05:38:57.068" /><!-- duration: 10ms -->
          <step title="Cleaning up temp files" date="2025-11-20T05:38:57.081" /><!-- duration: 507ms -->
          <step title="Reloading status file with latest updates" date="2025-11-20T05:38:57.613" >
            <step title="WebHooksManager.PublishEventAsync: PostDeployment" date="2025-11-20T05:38:57.617" /><!-- duration: 121ms -->
          </step><!-- duration: 144ms -->
          <step title="Cleaning up temporary deployment - fetch deployment was successful" date="2025-11-20T05:38:57.773" /><!-- duration: 4ms -->
        </step><!-- duration: 58830ms -->
      </step><!-- duration: 60549ms -->
