<step title="Incoming Request" date="2025-11-20T19:06:35.684" instance="ead10c" url="/api/zipdeploy?isAsync=true&amp;deployer=GITHUB_ZIP_DEPLOY&amp;message=%7B%22type%22%3A%22deployment%22%2C%22sha%22%3A%2276c6f705421eaeef79545612fb9213513ec64d61%22%2C%22repoName%22%3A%22CSA-DanielVillamizar%2FPAGINA-WEB%22%2C%22actor%22%3A%22CSA-DanielVillamizar%22%2C%22slotName%22%3A%22production%22%2C%22commitMessage%22%3A%22trigger%3A%20force%20deploy%20to%20Azure%20to%20enable%20migration%20endpoint%22%7D" method="POST" type="request" pid="853,1,46" Host="lama-backend-dev.scm.azurewebsites.net" User-Agent="GITHUBACTIONS_DeployWebAppToAzure_9c1eaa7ab57146babbd145f45aa43017a757aa738fc0f6f6c04b09d332ab9aec" Authorization="Bea..." Content-Type="application/octet-stream" Cookie="ARRAffinity=ead10cea67e8f870f49063668b8834fb9e8504bba74b2866ec62a30d2cc9a094;Path=/;HttpOnly;Secure;Domain=lama-backend-dev.scm.azurewebsites.net; ARRAffinitySameSite=ead10cea67e8f870f49063668b8834fb9e8504bba74b2866ec62a30d2cc9a094;Path=/;HttpOnly;SameSite=None;Secure;Domain=lama-backend-dev.scm.azurewebsites.net" Transfer-Encoding="chunked" X-ARR-LOG-ID="e58925b6-f476-46c9-8ae3-9ddcc9cfb875" CLIENT-IP="20.81.159.6:64512" X-SITE-DEPLOYMENT-ID="lama-backend-dev" WAS-DEFAULT-HOSTNAME="lama-backend-dev.scm.azurewebsites.net" X-Forwarded-Proto="https" X-AppService-Proto="https" X-Forwarded-TlsVersion="1.3" X-WAWS-Unencoded-URL="/api/zipdeploy?isAsync=true&amp;deployer=GITHUB_ZIP_DEPLOY&amp;message=%7B%22type%22%3A%22deployment%22%2C%22sha%22%3A%2276c6f705421eaeef79545612fb9213513ec64d61%22%2C%22repoName%22%3A%22CSA-DanielVillamizar%2FPAGINA-WEB%22%2C%22actor%22%3A%22CSA-DanielVillamizar%22%2C%22slotName%22%3A%22production%22%2C%22commitMessage%22%3A%22trigger%3A%20force%20deploy%20to%20Azure%20to%20enable%20migration%20endpoint%22%7D" X-Client-IP="20.81.159.6" X-Client-Port="64512" >
  <step title="Cleanup Xml Logs" date="2025-11-20T19:06:35.694" /><!-- duration: 95ms -->
  <step title="ZipPushDeploy" date="2025-11-20T19:06:36.095" >
    <step title="ZipDeploy. Extract zip." date="2025-11-20T19:06:36.172" /><!-- duration: 17ms -->
    <step title="Starting PushDeployAsync" date="2025-11-20T19:06:36.278" /><!-- duration: 33ms -->
    <step title="Removing node_modules symlink" date="2025-11-20T19:06:36.937" >
      <step title="Removing _del_node_modules symlink" date="2025-11-20T19:06:38.133" >
        <step title="Writing artifact to /tmp/zipdeploy/7fd5e84f-a588-4374-9610-b835a3f54b0b.zip" date="2025-11-20T19:06:38.321" >
          <step title="Writing multipart request body to /tmp/zipdeploy/7fd5e84f-a588-4374-9610-b835a3f54b0b.zip" date="2025-11-20T19:06:38.438" /><!-- duration: 20ms -->
        </step><!-- duration: 16924ms -->
        <step title="Removing previous build artifact&apos;s manifest file" date="2025-11-20T19:06:55.297" >
          <step title="Start deployment in the background" date="2025-11-20T19:06:55.480" >
            <step title="Acquiring Deployment Lock" date="2025-11-20T19:06:55.743" /><!-- duration: 19ms -->
            <step title="Acquired Deployment Lock" date="2025-11-20T19:06:55.858" /><!-- duration: 20ms -->
          </step><!-- duration: 790ms -->
        </step><!-- duration: 1031ms -->
        <step title="Outgoing response" date="2025-11-20T19:06:56.515" type="response" statusCode="202" statusText="Accepted" /><!-- duration: 37ms -->
      </step><!-- duration: 18440ms -->
