<step title="BackgroundTrace" date="2025-11-20T17:32:08.783" instance="ead10c" url="/api/zipdeploy" method="POST" >
  <step title="Cleanup Xml Logs" date="2025-11-20T17:32:08.793" /><!-- duration: 20ms -->
  <step title="Creating temporary deployment - FetchDeploymentManager" date="2025-11-20T17:32:09.112" /><!-- duration: 10ms -->
  <step title="Creating temporary deployment" date="2025-11-20T17:32:09.144" /><!-- duration: 296ms -->
  <step title="Performing fetch based deployment" date="2025-11-20T17:32:09.748" >
    <step title="Cleaning up temp folders from previous zip deployments and extracting pushed zip file /tmp/zipdeploy/fb80e9ac-3e16-4a51-956f-1f3f8dfd27b5.zip (62.34 MB) to /tmp/zipdeploy/extracted" date="2025-11-20T17:32:11.283" >
      <step title="ChmodRecursive Process exited with total time taken in ms: 82" date="2025-11-20T17:33:06.555" /><!-- duration: 5ms -->
    </step><!-- duration: 55296ms -->
    <step title="Deployment timer started" date="2025-11-20T17:33:08.636" >
      <step title="DeploymentManager.Deploy(id:ff13c108-a654-409c-b47a-931988491015)" date="2025-11-20T17:33:08.645" >
        <step title="Collecting changeset information" date="2025-11-20T17:33:08.684" /><!-- duration: 158ms -->
        <step title="Updating submodules" date="2025-11-20T17:33:08.848" /><!-- duration: 1134ms -->
        <step title="Determining deployment builder" date="2025-11-20T17:33:10.244" >
          <step title="Builder is BasicBuilder" date="2025-11-20T17:33:10.263" /><!-- duration: 8ms -->
        </step><!-- duration: 32ms -->
        <step title="PreDeployment: context.CleanOutputPath False" date="2025-11-20T17:33:10.340" >
          <step title="PreDeployment: context.OutputPath /home/site/wwwroot" date="2025-11-20T17:33:10.489" >
            <step title="Building" date="2025-11-20T17:33:10.665" >
              <step title="Executing external process" date="2025-11-20T17:33:11.296" type="process" path="starter.sh" arguments="/opt/Kudu/Scripts/absoluteTar.sh /tmp/zipdeploy/extracted/node_modules /tmp/zipdeploy/extracted/node_modules.tar.gz" /><!-- duration: 40556ms -->
              <step title="Executing external process" date="2025-11-20T17:33:52.212" type="process" path="starter.sh" arguments="/opt/Kudu/Scripts/parallel_rsync.sh /tmp/zipdeploy/extracted /home/site/wwwroot 8 /tmp/ False True node_modules " /><!-- duration: 8470ms -->
              <step title="Triggering recycle (preview mode disabled)." date="2025-11-20T17:34:01.498" /><!-- duration: 31ms -->
              <step title="Modified file to trigger a restart of the app container." date="2025-11-20T17:34:01.608" /><!-- duration: 12ms -->
              <step title="Skip function trigger and logicapp sync because function is not enabled." date="2025-11-20T17:34:01.689" /><!-- duration: 10ms -->
            </step><!-- duration: 52296ms -->
          </step><!-- duration: 52486ms -->
          <step title="Cleaning up temp files" date="2025-11-20T17:34:02.984" /><!-- duration: 20ms -->
          <step title="Cleaning up temp files" date="2025-11-20T17:34:03.034" /><!-- duration: 534ms -->
          <step title="Reloading status file with latest updates" date="2025-11-20T17:34:03.628" >
            <step title="WebHooksManager.PublishEventAsync: PostDeployment" date="2025-11-20T17:34:03.807" /><!-- duration: 307ms -->
          </step><!-- duration: 513ms -->
          <step title="Cleaning up temporary deployment - fetch deployment was successful" date="2025-11-20T17:34:04.163" /><!-- duration: 10ms -->
        </step><!-- duration: 53923ms -->
      </step><!-- duration: 55678ms -->
