<step title="Incoming Request" date="2025-11-20T18:15:43.014" instance="ead10c" url="/api/publish?type=zip&amp;async=False" method="POST" type="request" pid="855,1,19" Accept="*/*" Host="lama-backend-dev.scm.azurewebsites.net" User-Agent="AZURECLI/2.78.0 (MSI)" Accept-Encoding="gzip, deflate" Authorization="Bas..." Cache-Control="no-cache" Content-Type="application/octet-stream" Cookie="ARRAffinity=ead10cea67e8f870f49063668b8834fb9e8504bba74b2866ec62a30d2cc9a094; ARRAffinitySameSite=ead10cea67e8f870f49063668b8834fb9e8504bba74b2866ec62a30d2cc9a094" Content-Length="57379058" x-ms-client-request-id="e44cdd5a-c63c-11f0-a565-00e18cd78254" x-ms-artifact-checksum="28991abd3ce93c1de455ea6335025797b501bdc933615d09ad6b541ffd16dfa9" X-ARR-LOG-ID="e44cdd5a-c63c-11f0-a565-00e18cd78254" CLIENT-IP="181.49.190.184:62979" X-SITE-DEPLOYMENT-ID="lama-backend-dev" WAS-DEFAULT-HOSTNAME="lama-backend-dev.scm.azurewebsites.net" X-Forwarded-Proto="https" X-AppService-Proto="https" X-Forwarded-TlsVersion="1.3" X-WAWS-Unencoded-URL="/api/publish?type=zip&amp;async=False" X-Client-IP="181.49.190.184" X-Client-Port="62979" >
  <step title="OneDeploy" date="2025-11-20T18:15:43.109" >
    <step title="Starting PushDeployAsync" date="2025-11-20T18:15:43.118" /><!-- duration: 5ms -->
    <step title="Removing node_modules symlink" date="2025-11-20T18:15:43.134" >
      <step title="Writing artifact to /tmp/zipdeploy/08565c8e-e5db-4960-8539-e82ab89517aa.zip" date="2025-11-20T18:15:43.235" >
        <step title="Writing multipart request body to /tmp/zipdeploy/08565c8e-e5db-4960-8539-e82ab89517aa.zip" date="2025-11-20T18:15:43.241" /><!-- duration: 12ms -->
      </step><!-- duration: 25222ms -->
      <step title="Attempting to fetch target branch HEAD" date="2025-11-20T18:16:08.476" /><!-- duration: 4ms -->
      <step title="Acquiring Deployment Lock" date="2025-11-20T18:16:08.494" /><!-- duration: 4ms -->
      <step title="Acquired Deployment Lock" date="2025-11-20T18:16:08.524" /><!-- duration: 4ms -->
      <step title="Performing fetch based deployment" date="2025-11-20T18:16:08.536" >
        <step title="Creating temporary deployment" date="2025-11-20T18:16:08.540" /><!-- duration: 61ms -->
        <step title="Releasing Deployment Lock" date="2025-11-20T18:16:09.775" /><!-- duration: 9ms -->
        <step title="Cleaning up temp folders from previous zip deployments and extracting pushed zip file /tmp/zipdeploy/08565c8e-e5db-4960-8539-e82ab89517aa.zip (54.72 MB) to /tmp/zipdeploy/extracted" date="2025-11-20T18:16:09.832" >
          <step title="ChmodRecursive Process exited with total time taken in ms: 87" date="2025-11-20T18:16:45.486" /><!-- duration: 6ms -->
        </step><!-- duration: 35689ms -->
        <step title="None repository commit" date="2025-11-20T18:16:45.531" >
          <step title="Commit id: c95b8473-d110-4d8d-9178-aebfc1f12234" date="2025-11-20T18:16:45.535" Message="OneDeploy" AuthorName="N/A" AuthorEmail="N/A" /><!-- duration: 3ms -->
        </step><!-- duration: 10ms -->
        <step title="Deployment timer started" date="2025-11-20T18:16:47.569" >
          <step title="DeploymentManager.Deploy(id:c95b8473-d110-4d8d-9178-aebfc1f12234)" date="2025-11-20T18:16:47.575" >
            <step title="Collecting changeset information" date="2025-11-20T18:16:47.595" /><!-- duration: 134ms -->
            <step title="Updating submodules" date="2025-11-20T18:16:47.737" /><!-- duration: 1195ms -->
            <step title="Determining deployment builder" date="2025-11-20T18:16:49.218" >
              <step title="Builder is OneDeployBuilder" date="2025-11-20T18:16:49.236" /><!-- duration: 4ms -->
            </step><!-- duration: 25ms -->
            <step title="PreDeployment: context.CleanOutputPath False" date="2025-11-20T18:16:49.297" >
              <step title="PreDeployment: context.OutputPath /home/site/wwwroot" date="2025-11-20T18:16:49.428" >
                <step title="Building" date="2025-11-20T18:16:49.628" >
                  <step title="Executing external process" date="2025-11-20T18:16:50.211" type="process" path="starter.sh" arguments="/opt/Kudu/Scripts/parallel_rsync.sh /tmp/zipdeploy/extracted /home/site/wwwroot 8 /tmp/ False False  " 