<step title="BackgroundTrace" date="2025-11-20T15:48:22.631" instance="ead10c" url="/api/zipdeploy" method="POST" >
  <step title="Cleanup Xml Logs" date="2025-11-20T15:48:22.641" /><!-- duration: 7ms -->
  <step title="Creating temporary deployment - FetchDeploymentManager" date="2025-11-20T15:48:22.792" /><!-- duration: 4ms -->
  <step title="Creating temporary deployment" date="2025-11-20T15:48:22.813" /><!-- duration: 171ms -->
  <step title="Performing fetch based deployment" date="2025-11-20T15:48:23.051" >
    <step title="Cleaning up temp folders from previous zip deployments and extracting pushed zip file /tmp/zipdeploy/c7baea72-9d32-48aa-8225-695b35526bc7.zip (62.33 MB) to /tmp/zipdeploy/extracted" date="2025-11-20T15:48:24.374" >
      <step title="ChmodRecursive Process exited with total time taken in ms: 183" date="2025-11-20T15:49:01.424" /><!-- duration: 13ms -->
    </step><!-- duration: 37070ms -->
    <step title="Deployment timer started" date="2025-11-20T15:49:03.491" >
      <step title="DeploymentManager.Deploy(id:f95bf83c-7dd3-45d3-94cc-c4f144e071a6)" date="2025-11-20T15:49:03.495" >
        <step title="Collecting changeset information" date="2025-11-20T15:49:03.538" /><!-- duration: 115ms -->
        <step title="Updating submodules" date="2025-11-20T15:49:03.661" /><!-- duration: 1206ms -->
        <step title="Determining deployment builder" date="2025-11-20T15:49:05.169" >
          <step title="Builder is BasicBuilder" date="2025-11-20T15:49:05.200" /><!-- duration: 6ms -->
        </step><!-- duration: 46ms -->
        <step title="PreDeployment: context.CleanOutputPath False" date="2025-11-20T15:49:05.285" >
          <step title="PreDeployment: context.OutputPath /home/site/wwwroot" date="2025-11-20T15:49:05.425" >
            <step title="Building" date="2025-11-20T15:49:05.599" >
              <step title="Executing external process" date="2025-11-20T15:49:06.212" type="process" path="starter.sh" arguments="/opt/Kudu/Scripts/absoluteTar.sh /tmp/zipdeploy/extracted/node_modules /tmp/zipdeploy/extracted/node_modules.tar.gz" /><!-- duration: 39482ms -->
              <step title="Executing external process" date="2025-11-20T15:49:46.063" type="process" path="starter.sh" arguments="/opt/Kudu/Scripts/parallel_rsync.sh /tmp/zipdeploy/extracted /home/site/wwwroot 8 /tmp/ False True node_modules " /><!-- duration: 8136ms -->
              <step title="Triggering recycle (preview mode disabled)." date="2025-11-20T15:49:54.956" /><!-- duration: 9ms -->
              <step title="Modified file to trigger a restart of the app container." date="2025-11-20T15:49:55.000" /><!-- duration: 5ms -->
              <step title="Skip function trigger and logicapp sync because function is not enabled." date="2025-11-20T15:49:55.036" /><!-- duration: 4ms -->
            </step><!-- duration: 50256ms -->
          </step><!-- duration: 50438ms -->
          <step title="Cleaning up temp files" date="2025-11-20T15:49:55.866" /><!-- duration: 18ms -->
          <step title="Cleaning up temp files" date="2025-11-20T15:49:55.888" /><!-- duration: 510ms -->
          <step title="Reloading status file with latest updates" date="2025-11-20T15:49:56.447" >
            <step title="WebHooksManager.PublishEventAsync: PostDeployment" date="2025-11-20T15:49:56.455" /><!-- duration: 129ms -->
          </step><!-- duration: 141ms -->
          <step title="Cleaning up temporary deployment - fetch deployment was successful" date="2025-11-20T15:49:56.595" /><!-- duration: 4ms -->
        </step><!-- duration: 51388ms -->
      </step><!-- duration: 53196ms -->
