<step title="Incoming Request" date="2025-11-20T17:48:08.001" instance="ead10c" url="/api/zipdeploy?isAsync=true&amp;deployer=GITHUB_ZIP_DEPLOY&amp;message=%7B%22type%22%3A%22deployment%22%2C%22sha%22%3A%223a156ba35fc39abdf2b8866bc5f2d9d0bc8f2ba7%22%2C%22repoName%22%3A%22CSA-DanielVillamizar%2FPAGINA-WEB%22%2C%22actor%22%3A%22CSA-DanielVillamizar%22%2C%22slotName%22%3A%22production%22%2C%22commitMessage%22%3A%22feat%3A%20add%20initial%20database%20migration%20with%20all%20core%20tables%22%7D" method="POST" type="request" pid="855,1,19" Host="lama-backend-dev.scm.azurewebsites.net" User-Agent="GITHUBACTIONS_DeployWebAppToAzure_9c1eaa7ab57146babbd145f45aa43017a757aa738fc0f6f6c04b09d332ab9aec" Authorization="Bea..." Content-Type="application/octet-stream" Cookie="ARRAffinity=ead10cea67e8f870f49063668b8834fb9e8504bba74b2866ec62a30d2cc9a094;Path=/;HttpOnly;Secure;Domain=lama-backend-dev.scm.azurewebsites.net; ARRAffinitySameSite=ead10cea67e8f870f49063668b8834fb9e8504bba74b2866ec62a30d2cc9a094;Path=/;HttpOnly;SameSite=None;Secure;Domain=lama-backend-dev.scm.azurewebsites.net" Transfer-Encoding="chunked" X-ARR-LOG-ID="5a707b34-ebe4-4413-b1e7-6f684e3bb778" CLIENT-IP="172.184.204.97:30728" X-SITE-DEPLOYMENT-ID="lama-backend-dev" WAS-DEFAULT-HOSTNAME="lama-backend-dev.scm.azurewebsites.net" X-Forwarded-Proto="https" X-AppService-Proto="https" X-Forwarded-TlsVersion="1.3" X-WAWS-Unencoded-URL="/api/zipdeploy?isAsync=true&amp;deployer=GITHUB_ZIP_DEPLOY&amp;message=%7B%22type%22%3A%22deployment%22%2C%22sha%22%3A%223a156ba35fc39abdf2b8866bc5f2d9d0bc8f2ba7%22%2C%22repoName%22%3A%22CSA-DanielVillamizar%2FPAGINA-WEB%22%2C%22actor%22%3A%22CSA-DanielVillamizar%22%2C%22slotName%22%3A%22production%22%2C%22commitMessage%22%3A%22feat%3A%20add%20initial%20database%20migration%20with%20all%20core%20tables%22%7D" X-Client-IP="172.184.204.97" X-Client-Port="30728" >
  <step title="Cleanup Xml Logs" date="2025-11-20T17:48:08.010" /><!-- duration: 18ms -->
  <step title="ZipPushDeploy" date="2025-11-20T17:48:08.054" >
    <step title="ZipDeploy. Extract zip." date="2025-11-20T17:48:08.078" /><!-- duration: 4ms -->
    <step title="Starting PushDeployAsync" date="2025-11-20T17:48:08.103" /><!-- duration: 8ms -->
    <step title="Removing node_modules symlink" date="2025-11-20T17:48:08.125" >
      <step title="Writing artifact to /tmp/zipdeploy/da87d558-c228-45ab-b2dc-83b0bd2baf6b.zip" date="2025-11-20T17:48:08.284" >
        <step title="Writing multipart request body to /tmp/zipdeploy/da87d558-c228-45ab-b2dc-83b0bd2baf6b.zip" date="2025-11-20T17:48:08.297" /><!-- duration: 12ms -->
      </step><!-- duration: 3966ms -->
      <step title="Removing previous build artifact&apos;s manifest file" date="2025-11-20T17:48:12.279" >
        <step title="Start deployment in the background" date="2025-11-20T17:48:12.303" >
          <step title="Acquiring Deployment Lock" date="2025-11-20T17:48:12.334" /><!-- duration: 4ms -->
          <step title="Acquired Deployment Lock" date="2025-11-20T17:48:12.380" /><!-- duration: 3ms -->
        </step><!-- duration: 367ms -->
      </step><!-- duration: 420ms -->
      <step title="Outgoing response" date="2025-11-20T17:48:12.728" type="response" statusCode="202" statusText="Accepted" /><!-- duration: 28ms -->
    </step><!-- duration: 4643ms -->
