<step title="Incoming Request" date="2025-11-20T05:36:45.848" instance="ead10c" url="/api/zipdeploy?isAsync=true&amp;deployer=GITHUB_ZIP_DEPLOY&amp;message=%7B%22type%22%3A%22deployment%22%2C%22sha%22%3A%224428f5cb3190a107a79009467c89386ed8c58185%22%2C%22repoName%22%3A%22CSA-DanielVillamizar%2FPAGINA-WEB%22%2C%22actor%22%3A%22CSA-DanielVillamizar%22%2C%22slotName%22%3A%22production%22%2C%22commitMessage%22%3A%22feat%3A%20Deploy%20dev%20infrastructure%20and%20configure%20GitHub%20Actions%5Cn%5Cn-%20Created%20complete%20dev%20environment%20in%20lama-dev-rg%20(Central%20US)%5Cn-%20Configured%20Web%20App%20(lama-backend-dev)%20with%20Node%2024%20LTS%5Cn-%20PostgreSQL%20Flexible%20Server%20v16%20with%20lama_db%20database%5Cn-%20Key%20Vault%20with%20RBAC%20and%20managed%20identity%20integration%5Cn-%20Updated%20GitHub%20Actions%20workflow%20for%20automated%20deployment%5Cn-%20Added%20migration%20runner%20and%20infrastructure%20documentation%5Cn-%20All%20app%20settings%20configured%20with%20Key%20Vault%20references%22%7D" method="POST" type="request" pid="851,1,23" Host="lama-backend-dev.scm.azurewebsites.net" User-Agent="GITHUBACTIONS_DeployWebAppToAzure_9c1eaa7ab57146babbd145f45aa43017a757aa738fc0f6f6c04b09d332ab9aec" Authorization="Bea..." Content-Type="application/octet-stream" Cookie="ARRAffinity=ead10cea67e8f870f49063668b8834fb9e8504bba74b2866ec62a30d2cc9a094;Path=/;HttpOnly;Secure;Domain=lama-backend-dev.scm.azurewebsites.net; ARRAffinitySameSite=ead10cea67e8f870f49063668b8834fb9e8504bba74b2866ec62a30d2cc9a094;Path=/;HttpOnly;SameSite=None;Secure;Domain=lama-backend-dev.scm.azurewebsites.net" Transfer-Encoding="chunked" X-ARR-LOG-ID="e980a0c9-8783-4f47-a78e-1102e35a64bb" CLIENT-IP="52.173.181.18:9152" X-SITE-DEPLOYMENT-ID="lama-backend-dev" WAS-DEFAULT-HOSTNAME="lama-backend-dev.scm.azurewebsites.net" X-Forwarded-Proto="https" X-AppService-Proto="https" X-Forwarded-TlsVersion="1.3" X-WAWS-Unencoded-URL="/api/zipdeploy?isAsync=true&amp;deployer=GITHUB_ZIP_DEPLOY&amp;message=%7B%22type%22%3A%22deployment%22%2C%22sha%22%3A%224428f5cb3190a107a79009467c89386ed8c58185%22%2C%22repoName%22%3A%22CSA-DanielVillamizar%2FPAGINA-WEB%22%2C%22actor%22%3A%22CSA-DanielVillamizar%22%2C%22slotName%22%3A%22production%22%2C%22commitMessage%22%3A%22feat%3A%20Deploy%20dev%20infrastructure%20and%20configure%20GitHub%20Actions%5Cn%5Cn-%20Created%20complete%20dev%20environment%20in%20lama-dev-rg%20(Central%20US)%5Cn-%20Configured%20Web%20App%20(lama-backend-dev)%20with%20Node%2024%20LTS%5Cn-%20PostgreSQL%20Flexible%20Server%20v16%20with%20lama_db%20database%5Cn-%20Key%20Vault%20with%20RBAC%20and%20managed%20identity%20integration%5Cn-%20Updated%20GitHub%20Actions%20workflow%20for%20automated%20deployment%5Cn-%20Added%20migration%20runner%20and%20infrastructure%20documentation%5Cn-%20All%20app%20settings%20configured%20with%20Key%20Vault%20references%22%7D" X-Client-IP="52.173.181.18" X-Client-Port="9152" >
  <step title="Cleanup Xml Logs" date="2025-11-20T05:36:45.855" /><!-- duration: 18ms -->
  <step title="ZipPushDeploy" date="2025-11-20T05:36:46.476" >
    <step title="ZipDeploy. Extract zip." date="2025-11-20T05:36:46.507" /><!-- duration: 11ms -->
    <step title="None repository commit" date="2025-11-20T05:36:46.558" >
      <step title="Commit id: ad748521-1143-4043-8aca-8ea927faae1e" date="2025-11-20T05:36:46.568" Message="N/A" AuthorName="N/A" AuthorEmail="N/A" /><!-- duration: 11ms -->
    </step><!-- duration: 30ms -->
    <step title="Starting PushDeployAsync" date="2025-11-20T05:36:46.598" /><!-- duration: 19ms -->
    <step title="Writing artifact to /tmp/zipdeploy/b3648fd9-6b91-4de7-98f0-1b28658ca255.zip" date="2025-11-20T05:36:46.897" >
      <step title="Writing multipart request body to /tmp/zipdeploy/b3648fd9-6b91-4de7-98f0-1b28658ca255.zip" date="2025-11-20T05:36:47.029" /><!-- duration: 38ms -->
    </step><!-- duration: 2987ms -->
    <step title="Start deployment in the background" date="2025-11-20T05:36:49.904" >
      <step title="Acquiring Deployment Lock" date="2025-11-20T05:36:49.932" /><!-- duration: 10ms -->
      <step title="Acquired Deployment Lock" date="2025-11-20T05:36:50.040" /><!-- duration: 5ms -->
    </step><!-- duration: 310ms -->
  </step><!-- duration: 3750ms -->
  <step title="Outgoing response" date="2025-11-20T05:36:50.246" type="response" statusCode="202" statusText="Accepted" /><!-- duration: 5ms -->
</step><!-- duration: 4407ms -->
