<step title="BackgroundTrace" date="2025-11-20T18:25:52.861" instance="ead10c" url="/api/zipdeploy" method="POST" >
  <step title="Creating temporary deployment - FetchDeploymentManager" date="2025-11-20T18:25:53.044" /><!-- duration: 3ms -->
  <step title="Creating temporary deployment" date="2025-11-20T18:25:53.055" /><!-- duration: 94ms -->
  <step title="Performing fetch based deployment" date="2025-11-20T18:25:53.241" >
    <step title="Cleaning up temp folders from previous zip deployments and extracting pushed zip file /tmp/zipdeploy/866a408a-1d6c-43fc-a12e-2ddb25a3f767.zip (62.35 MB) to /tmp/zipdeploy/extracted" date="2025-11-20T18:25:54.480" >
      <step title="ChmodRecursive Process exited with total time taken in ms: 903" date="2025-11-20T18:28:08.419" /><!-- duration: 8ms -->
    </step><!-- duration: 133955ms -->
    <step title="Deployment timer started" date="2025-11-20T18:28:10.457" >
      <step title="DeploymentManager.Deploy(id:382305e8-e436-4f60-9d63-f3060989924b)" date="2025-11-20T18:28:10.464" >
        <step title="Collecting changeset information" date="2025-11-20T18:28:10.505" /><!-- duration: 171ms -->
        <step title="Updating submodules" date="2025-11-20T18:28:10.684" /><!-- duration: 1177ms -->
        <step title="Determining deployment builder" date="2025-11-20T18:28:12.127" >
          <step title="Builder is BasicBuilder" date="2025-11-20T18:28:12.145" /><!-- duration: 5ms -->
        </step><!-- duration: 29ms -->
        <step title="PreDeployment: context.CleanOutputPath False" date="2025-11-20T18:28:12.225" >
          <step title="PreDeployment: context.OutputPath /home/site/wwwroot" date="2025-11-20T18:28:12.388" >
            <step title="Building" date="2025-11-20T18:28:12.534" >
              <step title="Executing external process" date="2025-11-20T18:28:13.137" type="process" path="starter.sh" arguments="/opt/Kudu/Scripts/absoluteTar.sh /tmp/zipdeploy/extracted/node_modules /tmp/zipdeploy/extracted/node_modules.tar.gz" /><!-- duration: 35844ms -->
              <step title="Executing external process" date="2025-11-20T18:28:49.359" type="process" path="starter.sh" arguments="/opt/Kudu/Scripts/parallel_rsync.sh /tmp/zipdeploy/extracted /home/site/wwwroot 8 /tmp/ False True node_modules " /><!-- duration: 8689ms -->
              <step title="Triggering recycle (preview mode disabled)." date="2025-11-20T18:28:58.883" /><!-- duration: 9ms -->
              <step title="Modified file to trigger a restart of the app container." date="2025-11-20T18:28:58.918" /><!-- duration: 8ms -->
              <step title="Skip function trigger and logicapp sync because function is not enabled." date="2025-11-20T18:28:58.943" /><!-- duration: 12ms -->
              <step title="Purge deployment items" date="2025-11-20T18:29:00.655" >
                <step title="Remove c95b8473-, Failed, received at 11/20/2025 18:16:47" date="2025-11-20T18:29:00.735" /><!-- duration: 4ms -->
                <step title="Remove temp-7fe4, Failed, received at 11/20/2025 18:16:08" date="2025-11-20T18:29:00.807" /><!-- duration: 7ms -->
              </step><!-- duration: 178ms -->
            </step><!-- duration: 48395ms -->
          </step><!-- duration: 48546ms -->
          <step title="Cleaning up temp files" date="2025-11-20T18:29:00.938" /><!-- duration: 6ms -->
          <step title="Cleaning up temp files" date="2025-11-20T18:29:00.948" /><!-- duration: 543ms -->
          <step title="Reloading status file with latest updates" date="2025-11-20T18:29:01.516" >
            <step title="WebHooksManager.PublishEventAsync: PostDeployment" date="2025-11-20T18:29:01.522" /><!-- duration: 94ms -->
          </step><!-- duration: 105ms -->
          <step title="Cleaning up temporary deployment - fetch deployment was successful" date="2025-11-20T18:29:01.628" /><!-- duration: 4ms -->
        </step><!-- duration: 49513ms -->
      </step><!-- duration: 51294ms -->
