<step title="Incoming Request" date="2025-11-20T17:32:01.704" instance="ead10c" url="/api/zipdeploy?isAsync=true&amp;deployer=GITHUB_ZIP_DEPLOY&amp;message=%7B%22type%22%3A%22deployment%22%2C%22sha%22%3A%227a5aa49d171e73dd4d36bead3fc723f2a1e1ba1d%22%2C%22repoName%22%3A%22CSA-DanielVillamizar%2FPAGINA-WEB%22%2C%22actor%22%3A%22CSA-DanielVillamizar%22%2C%22slotName%22%3A%22production%22%2C%22commitMessage%22%3A%22fix(db)%3A%20normalizar%20usuario%20PostgreSQL%20Flexible%20Server%3B%20logs%20de%20diagn%C3%B3stico%20KV%3B%20script%20test-db-connection%22%7D" method="POST" type="request" pid="855,1,25" Host="lama-backend-dev.scm.azurewebsites.net" User-Agent="GITHUBACTIONS_DeployWebAppToAzure_9c1eaa7ab57146babbd145f45aa43017a757aa738fc0f6f6c04b09d332ab9aec" Authorization="Bea..." Content-Type="application/octet-stream" Cookie="ARRAffinity=ead10cea67e8f870f49063668b8834fb9e8504bba74b2866ec62a30d2cc9a094;Path=/;HttpOnly;Secure;Domain=lama-backend-dev.scm.azurewebsites.net; ARRAffinitySameSite=ead10cea67e8f870f49063668b8834fb9e8504bba74b2866ec62a30d2cc9a094;Path=/;HttpOnly;SameSite=None;Secure;Domain=lama-backend-dev.scm.azurewebsites.net" Transfer-Encoding="chunked" X-ARR-LOG-ID="4151411b-d2fa-4c40-8837-873d55e76989" CLIENT-IP="132.196.19.17:26632" X-SITE-DEPLOYMENT-ID="lama-backend-dev" WAS-DEFAULT-HOSTNAME="lama-backend-dev.scm.azurewebsites.net" X-Forwarded-Proto="https" X-AppService-Proto="https" X-Forwarded-TlsVersion="1.3" X-WAWS-Unencoded-URL="/api/zipdeploy?isAsync=true&amp;deployer=GITHUB_ZIP_DEPLOY&amp;message=%7B%22type%22%3A%22deployment%22%2C%22sha%22%3A%227a5aa49d171e73dd4d36bead3fc723f2a1e1ba1d%22%2C%22repoName%22%3A%22CSA-DanielVillamizar%2FPAGINA-WEB%22%2C%22actor%22%3A%22CSA-DanielVillamizar%22%2C%22slotName%22%3A%22production%22%2C%22commitMessage%22%3A%22fix(db)%3A%20normalizar%20usuario%20PostgreSQL%20Flexible%20Server%3B%20logs%20de%20diagn%C3%B3stico%20KV%3B%20script%20test-db-connection%22%7D" X-Client-IP="132.196.19.17" X-Client-Port="26632" >
  <step title="Cleanup Xml Logs" date="2025-11-20T17:32:01.732" /><!-- duration: 30ms -->
  <step title="ZipPushDeploy" date="2025-11-20T17:32:02.007" >
    <step title="ZipDeploy. Extract zip." date="2025-11-20T17:32:02.039" /><!-- duration: 9ms -->
    <step title="None repository commit" date="2025-11-20T17:32:02.089" >
      <step title="Commit id: ff13c108-a654-409c-b47a-931988491015" date="2025-11-20T17:32:02.117" Message="N/A" AuthorName="N/A" AuthorEmail="N/A" /><!-- duration: 36ms -->
    </step><!-- duration: 75ms -->
    <step title="Starting PushDeployAsync" date="2025-11-20T17:32:02.176" /><!-- duration: 39ms -->
    <step title="Removing node_modules symlink" date="2025-11-20T17:32:02.376" >
      <step title="Removing _del_node_modules symlink" date="2025-11-20T17:32:02.729" >
        <step title="Writing artifact to /tmp/zipdeploy/fb80e9ac-3e16-4a51-956f-1f3f8dfd27b5.zip" date="2025-11-20T17:32:02.829" >
          <step title="Writing multipart request body to /tmp/zipdeploy/fb80e9ac-3e16-4a51-956f-1f3f8dfd27b5.zip" date="2025-11-20T17:32:02.847" /><!-- duration: 4ms -->
        </step><!-- duration: 5808ms -->
        <step title="Removing previous build artifact&apos;s manifest file" date="2025-11-20T17:32:08.687" >
          <step title="Start deployment in the background" date="2025-11-20T17:32:08.755" >
            <step title="Acquiring Deployment Lock" date="2025-11-20T17:32:08.953" /><!-- duration: 10ms -->
            <step title="Acquired Deployment Lock" date="2025-11-20T17:32:09.091" /><!-- duration: 12ms -->
          </step><!-- duration: 726ms -->
        </step><!-- duration: 892ms -->
        <step title="Outgoing response" date="2025-11-20T17:32:09.648" type="response" statusCode="202" statusText="Accepted" /><!-- duration: 12ms -->
      </step><!-- duration: 6959ms -->
