<step title="Incoming Request" date="2025-11-20T18:25:49.972" instance="ead10c" url="/api/zipdeploy?isAsync=true&amp;deployer=GITHUB_ZIP_DEPLOY&amp;message=%7B%22type%22%3A%22deployment%22%2C%22sha%22%3A%220e2f88ae0fa03768cdd8be0063351f28fb5b0f9b%22%2C%22repoName%22%3A%22CSA-DanielVillamizar%2FPAGINA-WEB%22%2C%22actor%22%3A%22CSA-DanielVillamizar%22%2C%22slotName%22%3A%22production%22%2C%22commitMessage%22%3A%22feat%3A%20add%20migration%20HTTP%20endpoint%20for%20remote%20execution%22%7D" method="POST" type="request" pid="853,1,5" Host="lama-backend-dev.scm.azurewebsites.net" User-Agent="GITHUBACTIONS_DeployWebAppToAzure_9c1eaa7ab57146babbd145f45aa43017a757aa738fc0f6f6c04b09d332ab9aec" Authorization="Bea..." Content-Type="application/octet-stream" Cookie="ARRAffinity=ead10cea67e8f870f49063668b8834fb9e8504bba74b2866ec62a30d2cc9a094;Path=/;HttpOnly;Secure;Domain=lama-backend-dev.scm.azurewebsites.net; ARRAffinitySameSite=ead10cea67e8f870f49063668b8834fb9e8504bba74b2866ec62a30d2cc9a094;Path=/;HttpOnly;SameSite=None;Secure;Domain=lama-backend-dev.scm.azurewebsites.net" Transfer-Encoding="chunked" X-ARR-LOG-ID="6c2f9801-831c-42ed-801c-befabfd530c4" CLIENT-IP="172.184.220.193:38912" X-SITE-DEPLOYMENT-ID="lama-backend-dev" WAS-DEFAULT-HOSTNAME="lama-backend-dev.scm.azurewebsites.net" X-Forwarded-Proto="https" X-AppService-Proto="https" X-Forwarded-TlsVersion="1.3" X-WAWS-Unencoded-URL="/api/zipdeploy?isAsync=true&amp;deployer=GITHUB_ZIP_DEPLOY&amp;message=%7B%22type%22%3A%22deployment%22%2C%22sha%22%3A%220e2f88ae0fa03768cdd8be0063351f28fb5b0f9b%22%2C%22repoName%22%3A%22CSA-DanielVillamizar%2FPAGINA-WEB%22%2C%22actor%22%3A%22CSA-DanielVillamizar%22%2C%22slotName%22%3A%22production%22%2C%22commitMessage%22%3A%22feat%3A%20add%20migration%20HTTP%20endpoint%20for%20remote%20execution%22%7D" X-Client-IP="172.184.220.193" X-Client-Port="38912" >
  <step title="Cleanup Xml Logs" date="2025-11-20T18:25:49.975" /><!-- duration: 9ms -->
  <step title="ZipPushDeploy" date="2025-11-20T18:25:50.114" >
    <step title="ZipDeploy. Extract zip." date="2025-11-20T18:25:50.190" /><!-- duration: 21ms -->
    <step title="None repository commit" date="2025-11-20T18:25:50.281" >
      <step title="Commit id: 382305e8-e436-4f60-9d63-f3060989924b" date="2025-11-20T18:25:50.292" Message="N/A" AuthorName="N/A" AuthorEmail="N/A" /><!-- duration: 27ms -->
    </step><!-- duration: 55ms -->
    <step title="Starting PushDeployAsync" date="2025-11-20T18:25:50.386" /><!-- duration: 30ms -->
    <step title="Writing artifact to /tmp/zipdeploy/866a408a-1d6c-43fc-a12e-2ddb25a3f767.zip" date="2025-11-20T18:25:50.476" >
      <step title="Writing multipart request body to /tmp/zipdeploy/866a408a-1d6c-43fc-a12e-2ddb25a3f767.zip" date="2025-11-20T18:25:50.482" /><!-- duration: 8ms -->
    </step><!-- duration: 2302ms -->
    <step title="Removing previous build artifact&apos;s manifest file" date="2025-11-20T18:25:52.808" >
      <step title="Start deployment in the background" date="2025-11-20T18:25:52.854" >
        <step title="Acquiring Deployment Lock" date="2025-11-20T18:25:52.908" /><!-- duration: 4ms -->
        <step title="Acquired Deployment Lock" date="2025-11-20T18:25:53.036" /><!-- duration: 4ms -->
      </step><!-- duration: 303ms -->
    </step><!-- duration: 366ms -->
    <step title="Outgoing response" date="2025-11-20T18:25:53.199" type="response" statusCode="202" statusText="Accepted" /><!-- duration: 10ms -->
  </step><!-- duration: 3098ms -->
