<step title="Incoming Request" date="2025-11-20T15:48:18.934" instance="ead10c" url="/api/zipdeploy?isAsync=true&amp;deployer=GITHUB_ZIP_DEPLOY&amp;message=%7B%22type%22%3A%22deployment%22%2C%22sha%22%3A%22e8df2849f9ca504f1a1021b62c3d70d72d5f51c9%22%2C%22repoName%22%3A%22CSA-DanielVillamizar%2FPAGINA-WEB%22%2C%22actor%22%3A%22CSA-DanielVillamizar%22%2C%22slotName%22%3A%22production%22%2C%22commitMessage%22%3A%22fix%3A%20Habilitar%20SSL%20en%20TypeORM%20para%20Azure%20PostgreSQL%20Flexible%20Server%22%7D" method="POST" type="request" pid="853,1,3" Host="lama-backend-dev.scm.azurewebsites.net" User-Agent="GITHUBACTIONS_DeployWebAppToAzure_9c1eaa7ab57146babbd145f45aa43017a757aa738fc0f6f6c04b09d332ab9aec" Authorization="Bea..." Content-Type="application/octet-stream" Cookie="ARRAffinity=ead10cea67e8f870f49063668b8834fb9e8504bba74b2866ec62a30d2cc9a094;Path=/;HttpOnly;Secure;Domain=lama-backend-dev.scm.azurewebsites.net; ARRAffinitySameSite=ead10cea67e8f870f49063668b8834fb9e8504bba74b2866ec62a30d2cc9a094;Path=/;HttpOnly;SameSite=None;Secure;Domain=lama-backend-dev.scm.azurewebsites.net" Transfer-Encoding="chunked" X-ARR-LOG-ID="1543a36d-cb2b-4356-a84c-1840b24414a0" CLIENT-IP="135.237.130.184:27712" X-SITE-DEPLOYMENT-ID="lama-backend-dev" WAS-DEFAULT-HOSTNAME="lama-backend-dev.scm.azurewebsites.net" X-Forwarded-Proto="https" X-AppService-Proto="https" X-Forwarded-TlsVersion="1.3" X-WAWS-Unencoded-URL="/api/zipdeploy?isAsync=true&amp;deployer=GITHUB_ZIP_DEPLOY&amp;message=%7B%22type%22%3A%22deployment%22%2C%22sha%22%3A%22e8df2849f9ca504f1a1021b62c3d70d72d5f51c9%22%2C%22repoName%22%3A%22CSA-DanielVillamizar%2FPAGINA-WEB%22%2C%22actor%22%3A%22CSA-DanielVillamizar%22%2C%22slotName%22%3A%22production%22%2C%22commitMessage%22%3A%22fix%3A%20Habilitar%20SSL%20en%20TypeORM%20para%20Azure%20PostgreSQL%20Flexible%20Server%22%7D" X-Client-IP="135.237.130.184" X-Client-Port="27712" >
  <step title="Cleanup Xml Logs" date="2025-11-20T15:48:18.952" /><!-- duration: 8ms -->
  <step title="ZipPushDeploy" date="2025-11-20T15:48:19.042" >
    <step title="ZipDeploy. Extract zip." date="2025-11-20T15:48:19.084" /><!-- duration: 41ms -->
    <step title="None repository commit" date="2025-11-20T15:48:19.183" >
      <step title="Commit id: f95bf83c-7dd3-45d3-94cc-c4f144e071a6" date="2025-11-20T15:48:19.186" Message="N/A" AuthorName="N/A" AuthorEmail="N/A" /><!-- duration: 4ms -->
    </step><!-- duration: 11ms -->
    <step title="Starting PushDeployAsync" date="2025-11-20T15:48:19.198" /><!-- duration: 4ms -->
    <step title="Removing node_modules symlink" date="2025-11-20T15:48:19.233" >
      <step title="Removing _del_node_modules symlink" date="2025-11-20T15:48:19.381" >
        <step title="Writing artifact to /tmp/zipdeploy/c7baea72-9d32-48aa-8225-695b35526bc7.zip" date="2025-11-20T15:48:19.424" >
          <step title="Writing multipart request body to /tmp/zipdeploy/c7baea72-9d32-48aa-8225-695b35526bc7.zip" date="2025-11-20T15:48:19.431" /><!-- duration: 10ms -->
        </step><!-- duration: 3080ms -->
        <step title="Removing previous build artifact&apos;s manifest file" date="2025-11-20T15:48:22.541" >
          <step title="Start deployment in the background" date="2025-11-20T15:48:22.610" >
            <step title="Acquiring Deployment Lock" date="2025-11-20T15:48:22.687" /><!-- duration: 4ms -->
            <step title="Acquired Deployment Lock" date="2025-11-20T15:48:22.783" /><!-- duration: 4ms -->
          </step><!-- duration: 380ms -->
        </step><!-- duration: 474ms -->
        <step title="Outgoing response" date="2025-11-20T15:48:23.027" type="response" statusCode="202" statusText="Accepted" /><!-- duration: 8ms -->
      </step><!-- duration: 3659ms -->
