<step title="BackgroundTrace" date="2025-11-20T19:06:55.537" instance="ead10c" url="/api/zipdeploy" method="POST" >
  <step title="Cleanup Xml Logs" date="2025-11-20T19:06:55.569" /><!-- duration: 85ms -->
  <step title="Creating temporary deployment - FetchDeploymentManager" date="2025-11-20T19:06:55.929" /><!-- duration: 18ms -->
  <step title="Creating temporary deployment" date="2025-11-20T19:06:55.959" /><!-- duration: 284ms -->
  <step title="Performing fetch based deployment" date="2025-11-20T19:06:56.675" >
    <step title="Cleaning up temp folders from previous zip deployments and extracting pushed zip file /tmp/zipdeploy/7fd5e84f-a588-4374-9610-b835a3f54b0b.zip (111.36 MB) to /tmp/zipdeploy/extracted" date="2025-11-20T19:06:58.410" >
      <step title="ChmodRecursive Process exited with total time taken in ms: 397" date="2025-11-20T19:08:52.745" /><!-- duration: 9ms -->
    </step><!-- duration: 114349ms -->
    <step title="Deployment timer started" date="2025-11-20T19:08:54.773" >
      <step title="DeploymentManager.Deploy(id:2f32aff3-6ef9-429d-80a1-7e1bd7001636)" date="2025-11-20T19:08:54.780" >
        <step title="Collecting changeset information" date="2025-11-20T19:08:54.820" /><!-- duration: 120ms -->
        <step title="Updating submodules" date="2025-11-20T19:08:54.947" /><!-- duration: 1147ms -->
        <step title="Determining deployment builder" date="2025-11-20T19:08:56.335" >
          <step title="Builder is BasicBuilder" date="2025-11-20T19:08:56.359" /><!-- duration: 4ms -->
        </step><!-- duration: 34ms -->
        <step title="PreDeployment: context.CleanOutputPath False" date="2025-11-20T19:08:56.435" >
          <step title="PreDeployment: context.OutputPath /home/site/wwwroot" date="2025-11-20T19:08:56.573" >
            <step title="Building" date="2025-11-20T19:08:56.706" >
              <step title="Executing external process" date="2025-11-20T19:08:57.431" type="process" path="starter.sh" arguments="/opt/Kudu/Scripts/absoluteTar.sh /tmp/zipdeploy/extracted/node_modules /tmp/zipdeploy/extracted/node_modules.tar.gz" /><!-- duration: 42635ms -->
              <step title="Executing external process" date="2025-11-20T19:09:40.389" type="process" path="starter.sh" arguments="/opt/Kudu/Scripts/parallel_rsync.sh /tmp/zipdeploy/extracted /home/site/wwwroot 8 /tmp/ False True node_modules " /><!-- duration: 13209ms -->
              <step title="Triggering recycle (preview mode disabled)." date="2025-11-20T19:09:54.549" /><!-- duration: 5ms -->
              <step title="Modified file to trigger a restart of the app container." date="2025-11-20T19:09:54.589" /><!-- duration: 4ms -->
              <step title="Skip function trigger and logicapp sync because function is not enabled." date="2025-11-20T19:09:54.601" /><!-- duration: 4ms -->
            </step><!-- duration: 59026ms -->
          </step><!-- duration: 59179ms -->
          <step title="Cleaning up temp files" date="2025-11-20T19:09:55.762" /><!-- duration: 12ms -->
          <step title="Cleaning up temp files" date="2025-11-20T19:09:55.784" /><!-- duration: 513ms -->
          <step title="Reloading status file with latest updates" date="2025-11-20T19:09:56.928" >
            <step title="WebHooksManager.PublishEventAsync: PostDeployment" date="2025-11-20T19:09:56.950" /><!-- duration: 117ms -->
          </step><!-- duration: 148ms -->
          <step title="Cleaning up temporary deployment - fetch deployment was successful" date="2025-11-20T19:09:57.085" /><!-- duration: 4ms -->
        </step><!-- duration: 60710ms -->
      </step><!-- duration: 62383ms -->
