﻿<?xml version="1.0" encoding="utf-8"?>
<deployment>
  <id>f95bf83c-7dd3-45d3-94cc-c4f144e071a6</id>
  <author>N/A</author>
  <deployer>GITHUB_ZIP_DEPLOY</deployer>
  <authorEmail>N/A</authorEmail>
  <message>{"type":"deployment","sha":"e8df2849f9ca504f1a1021b62c3d70d72d5f51c9","repoName":"CSA-DanielVillamizar/PAGINA-WEB","actor":"CSA-DanielVillamizar","slotName":"production","commitMessage":"fix: Habilitar SSL en TypeORM para Azure PostgreSQL Flexible Server"}</message>
  <progress></progress>
  <status>Success</status>
  <statusText></statusText>
  <lastSuccessEndTime>2025-11-20T15:49:55.4681859Z</lastSuccessEndTime>
  <receivedTime>2025-11-20T15:49:03.5802903Z</receivedTime>
  <startTime>2025-11-20T15:49:05.0949019Z</startTime>
  <endTime>2025-11-20T15:49:55.4681859Z</endTime>
  <complete>True</complete>
  <is_temp>False</is_temp>
  <is_readonly>True</is_readonly>
  <buildSummary />
</deployment>